file_id,row_number,x_center,y_center,width,height,annotation_text
103,1,0.514208,0.68734,0.282346,0.067579,"6 e1= 22...22,4...23 mm-Sicher"
103,2,0.525695,0.639222,0.277509,0.091959,5 X =3*P = 15 mm-Sicher
103,3,0.502418,0.407613,0.297461,0.222412,4 zwei Fasen 2x45® (umlaufende Kanten!)-Sicher
103,4,0.513301,0.313302,0.67231,0.08426,3 Außendurchmesser korrekt (d2 = 120 mm)
103,5,0.515115,0.289564,0.370012,0.062447,Sicher
103,6,0.498791,0.379598,0.374849,0.483747,"2.1 Tangentialer Übergang, Höhe k = 40 mm (‡ 1 mm)-Sicher"
103,7,0.521161,0.334046,0.303507,0.053037,1 Länge | = 80 mm-Sicher
103,8,0.515417,0.319932,0.417775,0.117194,1 Fase am unteren Ende (zwei umlaufende Körperkanten)-Sicher
