file_id,row_number,x_center,y_center,width,height,annotation_text
104,1,0.536276,0.628743,0.296252,0.088109,5 X =3*P = 15 mm-Sicher
104,2,0.529927,0.403122,0.317412,0.196322,4 zwei Fasen 2x45® (umlaufende Kanten!)-Sicher
104,3,0.509976,0.319076,0.533857,0.071856,3 Außendurchmesser korrekt (d2 = 120 mm)
104,4,0.523277,0.177716,0.38029,0.071429,Sicher
104,5,0.523277,0.307314,0.366989,0.05432,"2.2 Sechskant mit Strichlinie oder nicht dargestellt, Außenkante des Schraubenkopfs gerundet oder gefast"
104,6,0.513301,0.351155,0.276904,0.050471,Sicher
104,7,0.519649,0.335971,0.402056,0.115911,"2.1 Tangentialer Übergang, Höhe k = 40 mm (‡ 1 mm)-Sicher"
