file_id,row_number,x_center,y_center,width,height,annotation_text
122,1,0.524486,0.877032,0.833736,0.177502,9 Vollständig und korrekt-1
122,2,0.513603,0.702737,0.214631,0.111206,"6 e1= 22...22,4...23 mm-6 Fase max. 1x45°"
122,3,0.506348,0.61698,0.253325,0.082549,6 Winkel Bohrerspitze = 118°.
122,4,0.50393,0.403764,0.294438,0.206159,Sicher
122,5,0.504837,0.299829,0.303507,0.054748,5 X =3*P = 15 mm-Sicher
122,6,0.523881,0.310308,0.408102,0.110778,4 zwei Fasen 2x45® (umlaufende Kanten!)-Sicher
