file_id,row_number,x_center,y_center,width,height,annotation_text
26,1,0.494559,0.847733,0.897219,0.184773,9 Vollständig und korrekt-1
26,2,0.477932,0.653122,0.283555,0.154833,"6 e1= 22...22,4...23 mm-6 Fase max. 1x45°"
26,3,0.474002,0.349872,0.293833,0.218991,6 Winkel Bohrerspitze = 118°.
26,4,0.492443,0.246151,0.671705,0.067151,Sicher
26,5,0.481258,0.157827,0.396614,0.167665,4 zwei Fasen 2x45® (umlaufende Kanten!)-Sicher
26,6,0.487606,0.242729,0.406892,0.088537,3 Außendurchmesser korrekt (d2 = 120 mm)
