file_id,row_number,x_center,y_center,width,height,annotation_text
52,1,0.464329,0.771814,0.199516,0.056031,"6 e1= 22...22,4...23 mm-6 Fase max. 1x45°"
52,2,0.460701,0.443541,0.414752,0.189906,6 Winkel Bohrerspitze = 118°.
52,3,0.467352,0.447819,0.280532,0.192472,Sicher
52,4,0.503023,0.35586,0.397823,0.071001,4 Durchgangsloch: Durchmesser db = 48 mm-Sicher
52,5,0.471584,0.247648,0.383313,0.122327,4 zwei Fasen 2x45® (umlaufende Kanten!)-Sicher
52,6,0.470375,0.359923,0.368803,0.078272,3 Außendurchmesser korrekt (d2 = 120 mm)
52,7,0.467352,0.614842,0.288996,0.080838,Sicher
