file_id,row_number,x_center,y_center,width,height,annotation_text
5,1,0.524184,0.877673,0.853688,0.183062,9 Vollständig und korrekt-1
5,2,0.521765,0.734174,0.275695,0.07485,"8 Gegebene Schraffur korrekt fortgesetzt, schmale Volllinie, Schraffur jeweils bis Köperkante-Sicher"
5,3,0.524184,0.7284,0.23821,0.112917,"6 e1= 22...22,4...23 mm-6 Fase max. 1x45°"
5,4,0.512999,0.630667,0.298065,0.127887,6 Winkel Bohrerspitze = 118°.
5,5,0.512092,0.402267,0.274486,0.194611,Sicher
5,6,0.512092,0.309239,0.614268,0.075278,5 X =3*P = 15 mm-Sicher
5,7,0.501209,0.219632,0.353083,0.151839,4 Durchgangsloch: Durchmesser db = 48 mm-Sicher
5,8,0.517231,0.310736,0.359734,0.085115,3 Außendurchmesser korrekt (d2 = 120 mm)
