                  epoch,         train/box_loss,         train/seg_loss,         train/cls_loss,         train/dfl_loss,   metrics/precision(B),      metrics/recall(B),       metrics/mAP50(B),    metrics/mAP50-95(B),   metrics/precision(M),      metrics/recall(M),       metrics/mAP50(M),    metrics/mAP50-95(M),           val/box_loss,           val/seg_loss,           val/cls_loss,           val/dfl_loss,                 lr/pg0,                 lr/pg1,                 lr/pg2
                      1,                 1.2974,                  1.793,                 1.9704,                 1.5199,                0.54695,                0.53196,                0.56172,                0.29128,                0.55034,                0.53196,                0.56159,                0.29821,                 1.6297,                0.72702,                 2.3276,                 2.0392,             0.00054556,             0.00054556,             0.00054556
                      2,                 1.1843,                0.39285,                 1.2705,                 1.3864,                0.83521,                 0.8204,                 0.8654,                0.54847,                0.83521,                 0.8204,                0.86545,                0.53723,                 1.2526,                0.35146,                 1.5807,                 1.9506,              0.0010794,              0.0010794,              0.0010794
